CDR3,clsf,dis
--CASSGGTSTNYNEQFF--,0.915818572,0.197218344
CASARGPGAGATGTLEQQYF,0.73062396,0.000209418
CASASGPGAGGTNTLELQFF,0.740171671,0.027879225
-CSASGPGAGNTNTLEQFF-,0.74623692,0.05010888
---CAGGLDSGNTELFF---,0.739609599,0.049593505
CASASGPGAGGTGTLELQFF,0.692118526,0.033188943
-CSALGLGAGGSGNTIYF--,0.775809646,0.13991338
---CAGGLDSYNGELFF---,0.725193918,0.089336537
CASASGPGAGATNTLELQFF,0.680731416,0.03273816
CSSARGPGAGATGTLEQQYF,0.656526983,5.11E-05
-CSARGPGAGATETLELQY-,0.677012026,0.047590338
---CAGGLDSNNTELFF---,0.64995712,0.037844449
--CASVGGLANNTELFF---,0.927093685,0.328458279
-CSARGPGAGATGTLELQY-,0.683680534,0.095407456
CASARGLGAGATGTLEQQYF,0.609058142,0.000415594
CASASGLGAGGTNTLELQFF,0.654927373,0.071304761
-CSALGLGTGGAGNTIYF--,0.796864748,0.239492059
--CASSGGTSTNNNEQFF--,0.920867324,0.343784362
CASASGPGAGGTNTLELQYF,0.762336135,0.209422514
---CAGGLDSGNGELFF---,0.749202549,0.199285477
-CSASGSGAGGTETLELQY-,0.783641338,0.234644383
CASASGPGAGATGTLELQFF,0.626216233,0.042680066
--CASAGTTGYNGELFF---,0.750952899,0.211215019
CASASGPGAGGTGTLELQYF,0.821492553,0.279746443
-CSALGLGTGASGNTIYF--,0.659576654,0.110029966
-CSASGPGAGGTNTLELQF-,0.784271002,0.252133489
CASARGPGAGATGTLEQQFF,0.585460961,0.000129421
--CASVGGLAYNGELFF---,0.913582325,0.364007443
---CSAGGTSANTQYF----,0.67516917,0.148358703
--CASSATGGGGNTLTF---,0.628033221,0.086014308
CASASGPGAGGTETLELQYF,0.714112639,0.198645771
-CASGQGLAAGAVNTEAFF-,0.598788083,0.049801756
-CSASGPGAGGTETLELQF-,0.598832548,0.056776926
-CSALGLGAGASGNTIYF--,0.656209469,0.1563216
--CASVGGLAYNEELFF---,0.941579521,0.413686335
CASASGPGAGGTETLELQFF,0.569161117,0.030692842
--CASVGGTTNNTELFF---,0.930868626,0.407721579
--CASAGTTGGNGELFF---,0.561955094,0.024953008
CASASGPGAGATNTLELQYF,0.661936522,0.172863662
CASASGPGAGATGTLELQYF,0.727567792,0.250923276
--CSARATGGGGNTLTF---,0.547269642,0.00949223
-CASGQGLAAGALNTEAFF-,0.599925756,0.099611729
CASARGLGAGATGTLEQQFF,0.540048003,0.000150511
-CSARGLGAGATGTLEQYF-,0.568318188,0.05642271
-CSALGLGSGGAGNTIYF--,0.564736187,0.052908037
-CSASGPGAGATNTLELQF-,0.704780042,0.246316448
--CASSGTGSTNYNEQFF--,0.663456917,0.199951559
-CSALGLLAGLSGNTIYF--,0.559326828,0.051885236
CASASGPGAGNTNTLELQFF,0.560536146,0.056280002
--CASAGTTGNNTELFF---,0.556430757,0.051161088
--CASVGGLAYNNELFF---,0.971009374,0.460965514
--CSARATGGQGNTLTF---,0.523044825,0.001442408
---CAGGLDSNNGELFF---,0.61961031,0.15767163
-CSASGLGAGGTNTLEQFF-,0.779676974,0.330682278
-CSASGPGAGGTGTLELQF-,0.72033298,0.278069049
--CASAGTTSNNTELFF---,0.597005367,0.130818918
--CASSATGGQGNTLTF---,0.520830929,0.014692599
--CASVGGLAGNTELFF---,0.952598929,0.462036759
CASASGPGAGNTSTLELQYF,0.672269046,0.239947781
--CASAGTTGGNTELFF---,0.562714458,0.092013083
-CSALGLGAGSSGNTIYF--,0.640529335,0.205915913
CASASGLGAGGTGTLELQFF,0.579897165,0.127751127
--CASAGTTGNNGELFF---,0.537819266,0.064286545
CASASGLGAGATNTLELQFF,0.535373092,0.063105106
CASASGPGAGATETLELQFF,0.510190964,0.022651004
---CAGGLDSGTGELFF---,0.764359117,0.349492282
CASSGQGLAAGALNTEAFF-,0.543432951,0.08682397
--CSARATGGSGNTLTF---,0.497780442,0.004329839
--CASAATGGGGNTLTF---,0.49363628,0.001002172
-CSALGSGTGSSGNTIYF--,0.488256276,0.001289032
----CASLSGSGGYTF----,0.904415548,0.462279052
---CAGGLTGNNTELFF---,0.618069828,0.221949071
--CASAGTASNNTELFF---,0.605195463,0.206421137
-CSALGLGAGAGGNTIYF--,0.650784969,0.266135931
-CSALGSGTGLSGNTIYF--,0.47605738,0.000492534
CASARGPGAGATGTLELQFF,0.474011183,0.000310052
-CASSLGGTSTNYNEQFF--,0.621757805,0.239141732
--CASSGGTSANVNTIYF--,0.87749505,0.461634189
--CASSGTGSTNNNEQFF--,0.723540246,0.348794907
-CSASGPGAGATGTLELQF-,0.615311682,0.237186462
-CSALGLGTGAGGNTIYF--,0.636773407,0.263872206
-CSASGPGAGGTNTLELQY-,0.900152445,0.481182367
--CATSRDGRDLGTEAFF--,0.466413528,0.000521453
CASSGQGLAAGAVNTEAFF-,0.55016315,0.156044692
CASASGLGAGNTNTLELQYF,0.623072922,0.256606519
CASASGPGTGNTNTLELQFF,0.525180161,0.122355312
-CSASGPGAGATNTLELQY-,0.820213795,0.438870877
-CSALGSGTGSAGNTIYF--,0.477744997,0.039966833
-CSASGSGAGATETLELQY-,0.606957436,0.247252762
-CSALGLGATGSGNTIYF--,0.61151439,0.254242569
-CSALGLGGSGSGNTIYF--,0.463348508,0.018419839
-CSASGPGAGNTNTLELQY-,0.894167662,0.492917508
-CSASGPGAGNTNTLELQF-,0.618306875,0.266959369
CASASGPGAGNTGTLELQFF,0.492865264,0.080471732
--CASSATGGGANTLTF---,0.565978765,0.201441631
-CSALGLGGAGSGNTIYF--,0.52671665,0.146480843
---CAGGLTSYNEELFF---,0.684484363,0.343285978
---CAGGLTGNNEELFF---,0.587562859,0.241211757
-CSASGPGAGATETLELQY-,0.818234563,0.458582819
-CSALGLGATGGGNTIYF--,0.65132165,0.329673499
CASASGPGAGNTSTLELQFF,0.459439844,0.051519364
--CASVGGTTGNTELFF---,0.926459372,0.532285094
-CSASGPGAGATETLELQF-,0.50064671,0.134738609
CASARGPGAGATETLELQFF,0.431196451,0.000254696
-CSALGPGAGALNTEAFF--,0.729409277,0.410163909
-CASSLGLAGQTSTDTQYF-,0.563952982,0.242417485
CASASGLGAGATGTLELQFF,0.467985749,0.087880306
CASASGLGAGGTNTLELQYF,0.637316167,0.33260411
--CASVGGLANNEELFF---,0.870508373,0.512193561
---CSAATGGGAETLTF---,0.529831648,0.198731929
-CSARGPGAGATGTLELQF-,0.461608499,0.080525875
-CSALGLGSGAAGNTIYF--,0.473477364,0.116251297
-CSALGLGATGGANTIYF--,0.695512176,0.398479074
-CSASGLGAGNTNTLEQFF-,0.694388926,0.398180395
--CASAGTSGNNTELFF---,0.45293802,0.087469019
-CASSVRGDRDTGTLELFF-,0.576669872,0.284195364
-CSALGSGTGLAGNTIYF--,0.467734575,0.118719421
-CSALGLGSGASGNTIYF--,0.417841673,0.016576169
CASASGLGAGGTGTLELQYF,0.669974685,0.392469406
--CASAGTTSNNGELFF---,0.536827326,0.241800144
-CSARGPGAGATETLELQF-,0.414280653,0.022933302
-CSALGLGAGSGGNTIYF--,0.638079643,0.366733074
-CSALGLGQGGAGNTIYF--,0.565996408,0.287258178
-CASSSGLAGQTSTDTQYF-,0.490172416,0.189292967
-CSASGLGAGGTNTLELQF-,0.704885244,0.440923214
-CSALGLGATGAGNTIYF--,0.595073581,0.340791464
CASASGLGAGNTNTLELQFF,0.457627773,0.14282544
--CASAGTASGNTELFF---,0.546196103,0.283202142
-CSALGLGAGLAGNTIYF--,0.628331363,0.378669709
--CASAGTSGGNTELFF---,0.503557801,0.226227835
-CSASGPGAGNTSTLELQF-,0.499985218,0.222212806
---CSAGTTSANTQYF----,0.526355147,0.268357217
-CSASGSGAGGTETLELQF-,0.400957704,0.040042721
-CASGQGLAAAGVNTEAFF-,0.424948364,0.098046698
--CSARATGGGANTLTF---,0.427495271,0.106061913
CASARPSGAGATGTLELQFF,0.382167965,0.000112006
CASARGLGAGATGTLELQFF,0.380811751,0.000197147
--CASAGTTSGNTELFF---,0.51050061,0.257828355
---CAGGLDSGANELFF---,0.741325259,0.489500433
-CSALGPGAGAGANVLTF--,0.587590039,0.3588112
---CSVGLTGGNTELFF---,0.729690731,0.486805677
CASASGSGAGGTETLELQFF,0.378582358,0.011225915
--CASAATGGGGDTLTF---,0.372296512,0.002854424
-CSALGLGGASSGNTIYF--,0.488766313,0.242654756
--CASAGTSGGNGELFF---,0.456545651,0.189725697
--CASSATGGQGETLTF---,0.401318759,0.079205923
--CSALSTGGLNENTIYF--,0.504565775,0.269768655
-CSALGPGGAGGANVLTF--,0.53174305,0.309172213
-CSASGPGAGNTSTLEQYF-,0.577553511,0.368464023
--CASGGLDSYNGELFF---,0.431639135,0.155019224
--CASSGGSTGNVNTIYF--,0.614902377,0.407404065
-CSALGPGQGGAGNTIYF--,0.412265807,0.117202803
-CASTGSGQSSSGNTLYF--,0.365853637,0.006944891
CASASGLGAGATNTLELQYF,0.460702717,0.21259135
--CASAATGGQGSTLTF---,0.361941308,5.02E-05
--CASAGTTSGNGELFF---,0.488538235,0.25920108
-CSALGLLAGLAGNTIYF--,0.5373348,0.328540325
---CAGGLDRGQETQYF---,0.381930262,0.055648085
--CASASGTGNNTELFF---,0.606650889,0.405914187
--CASSATGGQGSTLTF---,0.35946852,0.000460559
-CSALGLTAGLSGNTIYF--,0.374489367,0.042722277
---CASGGTSANTQYF----,0.396540523,0.097748324
-CASSQGLAGQTSTDTQYF-,0.535025001,0.331684053
--CASSATGGGGDTLTF---,0.405972481,0.119455926
-CSALGPGQGGSANTIYF--,0.401308388,0.11853911
--CSVGGLASPNTEAFF---,0.565842688,0.376261175
---CASATGGGAETLYF---,0.384253025,0.082874827
CASSGQGLPALAANTEAFF-,0.489004493,0.280411571
-CSASGPGAGNTNTLEQYF-,0.583726048,0.397719592
--CASAGTPSNNTELFF---,0.425766051,0.175653458
---CSAGGLSANTQYF----,0.452342004,0.224431917
--CSARATGGGGDTLTF---,0.355705708,0.014198152
-CASSLGLAGGSSTDTQYF-,0.612074792,0.428271025
CASASGLGAGNTGTLELQYF,0.629348814,0.447787434
--CASSATGGGGETLTF---,0.418471932,0.173033416
--CSARATGGQGETLTF---,0.348166257,0.007966637
---CAGGLDSNTGELFF---,0.565788209,0.390821934
---CSAATGGGANTLYF---,0.397441536,0.139777899
--CSARATGGGGETLTF---,0.344836026,0.015473915
--CASAATGGQGETLTF---,0.339753747,0.00099062
-CSALGLGGAASGNTIYF--,0.418819249,0.194202766
--CASVGGSTNNTELFF---,0.748096704,0.549291193
CASASGLGAGATGTLELQYF,0.502994835,0.330841482
--CASSATGGSGNTLTF---,0.382155478,0.123538382
-CSASGLGAGATNTLELQF-,0.549897969,0.392182112
---CASGLDRGTETQYF---,0.349152923,0.044289991
-CASSLGTGSTNYNEQFF--,0.401027024,0.175382361
-CSALGLGAGSGENTIYF--,0.500059724,0.339647889
-CSALGPGGAAGANVLTF--,0.45310244,0.272315085
--CASGPGTGGAGNTIYF--,0.666238606,0.506285608
-CSASGPGAGNTGTLELQF-,0.52436763,0.37362662
CASASGSGAGATETLELQFF,0.331994563,0.012406188
-CSASGLGAGGTGTLELQF-,0.595458448,0.449542165
--CSARATGGSANTLTF---,0.336051673,0.025731923
CASSGQGLAASSANTEAFF-,0.502572596,0.35119614
--CASAGTSSNNTELFF---,0.430683017,0.243309453
CASSGQSLGTGSLNTEAFF-,0.386156529,0.159005061
---CSAATGGGGNTLTF---,0.557186604,0.418126255
--CSARATGGSADTLTF---,0.334356904,0.032169115
-CSALGLGGASSANTIYF--,0.520827889,0.380768061
-CSALGLGGSSAGNTIYF--,0.420385003,0.233945608
-CSALGLGATASGNTIYF--,0.489068925,0.349131793
---CASATGGGADTLYF---,0.365258932,0.133057147
-CSARGSLPALALNTEAFF-,0.34296599,0.077692062
-CSASGSGAGATETLELQF-,0.335355341,0.057626046
--CASAATGGGGETLTF---,0.316685081,0.002951127
--CSARATGGGADTLTF---,0.346324354,0.090042643
-CSALGLLAGAGANVLTF--,0.664809167,0.527004719
---CASATGGGTETLYF---,0.440079004,0.286073208
--CASAPGQGYTNTLAF---,0.612100899,0.486889571
CASASGLGAGNTGTLELQFF,0.385895818,0.190001324
-CSALGLGQSGSGNTIYF--,0.330439031,0.055501614
--CSARATGGSGETLTF---,0.313948303,0.007292863
-CASSLGGTSTNNNEQFF--,0.687806308,0.548944592
-CSALGLGAGAGANVLTF--,0.636413097,0.513168812
---CAGGLTGNNGELFF---,0.50996387,0.393331379
---CASGGTSSNTQYF----,0.523778141,0.41004014
CASSGQGLAAAGVNTEAFF-,0.436089098,0.292460114
-CSALGLGQGAAGNTIYF--,0.433745205,0.290818959
--CASAGTASNNGELFF---,0.495037526,0.379390925
--CASGGLDSNNTELFF---,0.350101322,0.125974506
-CSALGLGQSGAGNTIYF--,0.367386699,0.16839385
--CASAATGGGAETLTF---,0.306889474,0.006178576
CASSLGLLAGGSSTDTQYF-,0.544491947,0.439994514
-CASGQSLGTGSLNTEAFF-,0.476679355,0.360453069
---CSAATGGQGSTLTF---,0.328189194,0.072344087
-CSALGLGGASAGNTIYF--,0.530044794,0.431872338
-CSALGPGQGSSGNTIYF--,0.316589504,0.050896887
--CSAGSGAGGTETLEF---,0.409555793,0.267542839
--CASGGLTSYNEELFF---,0.449256748,0.335107148
---CAGGLDRDQETQYF---,0.396107584,0.246782824
-CSALGSGSTGYGNTIYF--,0.345008254,0.138805762
-CSALGLPTGLSANTIYF--,0.298364282,0.007555093
-CSALGLGAGRAGNTIYF--,0.387807846,0.237321109
---CASATGGGGETLYF---,0.442633152,0.331952214
-CSALGPGQSGLGNTIYF--,0.296457291,0.00256913
--CASAGTGSNNTELFF---,0.312753618,0.058045644
---CARGLTGYNEELFF---,0.547312915,0.462413937
--CASSATGGGADTLTF---,0.379917532,0.226152897
---CSAATGGGTNTLYF---,0.408432961,0.285277903
--CASGGLDSGNTELFF---,0.407646924,0.284163564
-CASSQGLAGGSSTDTQYF-,0.522855222,0.443619877
-CSALGPGQSGLANTIYF--,0.30172804,0.039367858
---CASRSPGSNSELFF---,0.295238316,0.023408147
-CASSSGLAGASSTDTQYF-,0.443993121,0.350641549
--CASAGTTGNNEELFF---,0.37012735,0.225774199
-CSALGPGQSGSANTIYF--,0.302491695,0.052969407
---CSVGGTSANTQYF----,0.501250088,0.430009842
-CSALGLTAGLGGNTIYF--,0.303159416,0.057719395
-CASSLGLAGASSTDTQYF-,0.472133428,0.397855073
---CSVGGLSANTQYF----,0.455936462,0.377377719
--CASAGTGSGNTELFF---,0.331061423,0.142945603
--CASAGTPSNNGELFF---,0.38141346,0.256998718
---CARGLDRGTETQYF---,0.353820652,0.202810049
--CSARATGGQGSTLTF---,0.281992525,7.48E-05
--CSARATGGGAETLTF---,0.30184871,0.069566138
--CASSATGGGAETLTF---,0.380155265,0.262217104
-CSASGLGAGATGTLELQF-,0.441481888,0.368790835
--CASASGDRNNTELFF---,0.362360209,0.230970696
--CASAGTGSGNGELFF---,0.325598031,0.144494399
---CASGTTSANTQYF----,0.312967271,0.110250711
--CASGGLDSGTGELFF---,0.405248523,0.313019365
-CASGQGLAALALNTEAFF-,0.389338136,0.285548061
-CSASGLGAGNTNTLELQF-,0.497565627,0.443920285
-CASGQGLAASSANTEAFF-,0.475021243,0.417812794
---CASGGLSSNTQYF----,0.389765054,0.292197496
-CSALGLTAGLGENTIYF--,0.302922785,0.091734059
--CSARPSGTGNGELFF---,0.494640827,0.445749879
-CSALGLGGAAGGNEQFF--,0.362662166,0.244088471
---CSAATGGGADTLYF---,0.343446404,0.203421026
---CASRSPGGNSELFF---,0.338796049,0.192497477
--CASSATGGSANTLTF---,0.323017716,0.155659065
--CSARATGGRADTLTF---,0.280238271,0.030278694
--CASGGLDSGNGELFF---,0.42311582,0.359419584
CASSLSSTSGGSPYNEQFF-,0.314891636,0.146421179
-CASRPSGTGGSSNTEAFF-,0.415375024,0.353579521
---CSAATGGQGETLTF---,0.380709022,0.294994354
--CASAGTGSNNGELFF---,0.304135263,0.123110242
-CASSLGLAGATSTDTQYF-,0.503692269,0.470873743
---CSAATGGGAETLYF---,0.348485887,0.237730071
-CASSLGLAGSSSTDTQYF-,0.455224782,0.418271035
CASSGQGLAAAGANTEAFF-,0.422554821,0.373640209
--CASSGPGTGGVNTIYF--,0.41607821,0.365574092
-CSALGPGLGGAGNTIYF--,0.292595357,0.097887777
---CASRSPGNNEELFF---,0.345203489,0.235941142
--CASGGLDRNNTELFF---,0.292759031,0.099322014
-CASRPSGTGGSANTIYF--,0.282969117,0.07321173
-CASRPSGQGLAGNTIYF--,0.325378299,0.194774643
--CASAGTPSGNTELFF---,0.35992074,0.27208662
-CASSSGLAGSSSTDTQYF-,0.443879187,0.411362499
---CSAATGGGGETLTF---,0.426065385,0.391234696
-CASSSGLAGATSTDTQYF-,0.472593158,0.45201382
---CASATGGGGDTLYF---,0.363081723,0.288019359
--CASAGTASGNGELFF---,0.445676476,0.421714991
-CASGQGLPALAANTEAFF-,0.447156906,0.427936405
---CASGLDRGNGELFF---,0.524844706,0.514882803
-CASRPSGQGGALNTEAFF-,0.430157751,0.413805306
CASSGQGLAALALNTEAFF-,0.381466955,0.339926481
-CASSSGLAGGGSTDTQYF-,0.565514863,0.55568552
CASSLRGGAGAGVNTEAFF-,0.444003612,0.438964307
-CASGQGLAAAGANTEAFF-,0.398095429,0.378927112
---CASGGLSANTQYF----,0.283274889,0.129076004
-CASRPSGQGGAGNTIYF--,0.292607099,0.162809804
--CASAGTSSNNGELFF---,0.388959348,0.370827258
-CSALGSGSTGSANTIYF--,0.282383204,0.134163916
-CASSQGLAGASSTDTQYF-,0.412055075,0.409481168
-CASGQGLAALAGNTEAFF-,0.394499987,0.385132253
-CSALGPGQGSAGNTIYF--,0.320810169,0.245350674
CASSLGLLAGSSSTDTQYF-,0.493124843,0.509139061
CASASGLGAGNTETLELQFF,0.291184396,0.17072463
-CSALGPGQAGAGNTIYF--,0.29564628,0.186008468
--CATSRDLRDQETEAFF--,0.3152394,0.238211751
--CASAGTGSYNGELFF---,0.422269732,0.431808591
--CASAGTPSGNGELFF---,0.341064811,0.30255419
-CASSSGLAGAGSTDTQYF-,0.470132828,0.494204074
--CASGGLDSNNGELFF---,0.310950369,0.23649019
---CASGLDRDTETQYF---,0.339365125,0.301631689
-CASSQGTGSGSLNTEAFF-,0.412771702,0.431051761
-CSSRGSLPALALNTEAFF-,0.385713905,0.391671479
-CASSQGLAGATSTDTQYF-,0.445356458,0.478135824
--CSAGSGTGGTETLEF---,0.380275637,0.389147192
---CASATGGSAETLYF---,0.282442302,0.177956671
---CSAATGGGGDTLTF---,0.383358568,0.395196259
CASSLRGGAGGGANTEAFF-,0.454594076,0.491725683
-CSALGLTAGLAGNTIYF--,0.328547984,0.299174964
--CASSGLQGLSGNTIYF--,0.520745456,0.55840081
CASASGPGQGNTNTLELQFF,0.38559109,0.406235784
---CASRSPGSNGELFF---,0.331849277,0.310272843
---CASATGGSGETLYF---,0.330020934,0.306800306
-CSALGPGQAGSANTIYF--,0.301467508,0.242023602
---CASATGGTGETLYF---,0.359981835,0.365733802
---CASSSPGGNSELFF---,0.350005776,0.353433162
--CSARGLRGGLNTEAFF--,0.448765397,0.49673444
--CASSGPGTGNVNTIYF--,0.386741012,0.416821182
-CSALSLTTGAGPYNEQFF-,0.422705978,0.466689736
-CSALGPGQGLAGNTIYF--,0.284107506,0.209234387
-CASSQGLAGSSSTDTQYF-,0.417395443,0.463246793
--CASGPGRTGGVNTIYF--,0.376091957,0.408937752
--CSAGSGAGATETLEF---,0.345944673,0.35780701
-CASSLGLRGGGNTEAFF--,0.454331398,0.511731088
-CASSQGPGGRNLYEQYF--,0.295792192,0.251005441
--CASAGTSSGNTELFF---,0.387833387,0.429321527
-CSALGSGQSGALNTLYF--,0.307130665,0.282547414
CASSLSSTSGSSGYNEQFF-,0.282053173,0.220308214
--CASGGLTGNNTELFF---,0.284086019,0.229130879
--CASGPPRGYNKNILYF--,0.383213997,0.430065036
---CASATGGGTDTLYF---,0.362294436,0.397529691
-CASGQGLARLAVNTEAFF-,0.321415842,0.323692918
--CSVGGLASGNTEAFF---,0.384241134,0.434688479
--CASAGTPSNNEELFF---,0.363798469,0.405174702
-CASSQGLAGAGSTDTQYF-,0.440483987,0.509418607
CASSLRGGAGAGGNTEAFF-,0.415747464,0.48030141
--CSARGLRGGLGTEAFF--,0.396138251,0.454713941
-CSARGSGQSGALNTEAFF-,0.302982181,0.288046122
--CASGGLDSNTGELFF---,0.293775886,0.269030154
CASSLSSTSGGSGYNEQFF-,0.296990603,0.277488887
CASSLSSTSGGTSYNEQFF-,0.28290841,0.250527263
-CSALGLGQSGGANTIYF--,0.286825836,0.261578977
--CASGGLTGNNEELFF---,0.315856248,0.330625683
---CSVGTTSANTQYF----,0.392182529,0.46148929
-CSALGLGQGLAGNTIYF--,0.324036092,0.348371744
---CSAATGGSGETLTF---,0.30445385,0.310731113
--CASSATGGGGNTLYF---,0.280135125,0.255139261
---CASLSGGGNQYTF----,0.328593105,0.367321938
--CASGPGSTGGVNTIYF--,0.291083604,0.287542433
--CASAGTSGNNEELFF---,0.315779537,0.345002592
-CASSQGGTSANVNTIYF--,0.344388843,0.399975747
---CASGGTSANEQYF----,0.363752306,0.434653252
---CASGLDRYNEELFF---,0.360919803,0.43093127
--CASGPRGGYNKNILYF--,0.452566117,0.547654092
---CASRSPGGNGELFF---,0.389420778,0.475283325
-CSASGPGDRNTNTLEQFF-,0.316304535,0.359002888
CASSLSSTSGGGPYNEQFF-,0.299788594,0.32957679
--CASSGTGSANVNTIYF--,0.327244967,0.387515575
---CSALSGGSNSELFF---,0.359116524,0.446896195
--CASGPGGSLSGNTIYF--,0.370968223,0.467927426
-CASSAGTRGGGDTEAFF--,0.335300386,0.413113236
-CSALGLGQSSAGNTIYF--,0.320265085,0.386768997
--CSARPSSSGNGELFF---,0.319937766,0.389093667
--CASGQDGASGANVLTF--,0.331619292,0.41133678
--CSALSTGGLSGNTIYF--,0.407907903,0.522577643
--CASAGTASNNEELFF---,0.418744326,0.535176814
---CASATGGDTETLYF---,0.422416687,0.540661573
--CASSATGGGTNTLYF---,0.377107382,0.486443996
---CASGGTSGNTQYF----,0.430817038,0.553297937
-CSASGPGDRDTNTLEQFF-,0.338612914,0.433950484
--CASGPGQSGLGNTIYF--,0.382516593,0.501600266
-CSALGPGRTGGANTIYF--,0.322087139,0.413512379
--CSARPSPSGTGELFF---,0.346749127,0.456352919
-CSARGSGGTANGNTEAFF-,0.352689028,0.470499754
-CASSQGTGGGTETLEQYF-,0.350139469,0.470890015
CASSLRGGAGAGANTEAFF-,0.419240862,0.559815645
-CASRGSLPALALNTEAFF-,0.342730463,0.462888241
--CASRGLDRGTETQYF---,0.301083148,0.391606271
--CASASGLRNNTELFF---,0.338201582,0.459283829
-CSASGLGAGNTETLELQF-,0.291097134,0.372787833
CASSGQGLARASANTEAFF-,0.34449178,0.471350074
---CARGLDRYNEELFF---,0.375933945,0.517223418
---CASATGGDTGTLYF---,0.343118399,0.471314371
CASSGQGLAALSANTEAFF-,0.334822148,0.458472997
--CASGLDGASGANVLTF--,0.364559412,0.509286284
---CASGLDRGGETQYF---,0.28952077,0.383286238
---CASATGGNTETLYF---,0.314264864,0.434604764
-CASSTGTGGDTSTLEQYF-,0.317579448,0.441474319
CASSGQGLAALAGNTEAFF-,0.378692836,0.532241464
-CASRPSGTSGGLNTEAFF-,0.32945314,0.464430243
--CSARGLRGGGGTEAFF--,0.300829113,0.413906574
---CATRPGGYNSELFF---,0.293473929,0.408365726
CASSGQGLARLAVNTEAFF-,0.345589817,0.500287235
-CSALSLTTGASGYNEQFF-,0.361784041,0.523058772
CASSARSLAGQTSTDTQYF-,0.355426043,0.515619516
--CSALSRGGYNKNILFF--,0.34035337,0.495705366
--CSAGSGTGATETLEF---,0.359666646,0.522805989
-CASRPSGGSGSLNTEAFF-,0.312774032,0.453859359
-CASRPSGQSGGLNTEAFF-,0.283117265,0.407487899
-CSASGPGDRDTNTLELFF-,0.281841964,0.40670234
--CASASTGGGNTELFF---,0.292121589,0.428315371
---CSAATGGDTETLYF---,0.301053315,0.446470052
-CSARGSGTSGSANTEAFF-,0.302400172,0.449774921
-CSARGSLAALALNTEAFF-,0.328709334,0.494424284
--CSARGLRGLGGTEAFF--,0.340408713,0.513938069
---CASRSPGNNGELFF---,0.331402361,0.511155009
-CASGQGLAALSANTEAFF-,0.317813605,0.490675211
---CASRTPSGEEQYF----,0.3590689,0.551399171
-CSALGLGQSSGANTIYF--,0.291349709,0.447668433
---CASGGLSGNTQYF----,0.311905593,0.491952807
-CSARGSGQSSALNTEAFF-,0.291250944,0.456217855
--CSALSTGGSGENTIYF--,0.357516229,0.559949756
--CSAQSLTGSSANTIYF--,0.332240701,0.527307391
--CASGLDGAAGANVLTF--,0.334622532,0.549456477
--CASSPTTGGAGNTIYF--,0.309655428,0.513386846
--CSALSGTGAGVNTIYF--,0.304640412,0.50807327
--CSVGGLASAGGEAFF---,0.299009442,0.500137687
--CASAPGGSRSYEQYF---,0.328136712,0.551507294
CASSLSSTSGGGGYNEQFF-,0.280129641,0.474764973
-CSARGLGGSASGNTEAFF-,0.290883034,0.50113523
-CSALGPGQASAANTIYF--,0.286119401,0.49613601
--CASSPDLTGNENTIYF--,0.309363693,0.537985325
CASSGQSGTRGSLNTEAFF-,0.290762126,0.515159547
--CASGSGLTSSGNTIYF--,0.294204295,0.55888927
